GEO.id,GEO.id2,GEO.display-label,GC.target-geo-id,GC.target-geo-id2,GC.display-label,GC.display-label,resbase42010,respop72018,numdiff20102018,percdiff20102018,rank42010,rank72018,numrank20102018,percrank20102018
Id,Id2,Geography,Target Geo Id,Target Geo Id2,Geography,Geography,"Population Estimate - April 1, 2010 Estimates Base","Population Estimate - July 1, 2018","Change, 2010 to 2018 - Number","Change, 2010 to 2018 - Percent [1]","Rankings - Population Estimate - April 1, 2010 Estimates Base","Rankings - Population Estimate - July 1, 2018","Rankings - Change, 2010 to 2018 - Number","Rankings - Change, 2010 to 2018 - Percent"
0100000US,,United States,0100000US,,United States,United States,308758105,327167434,18409329,6,(X),(X),(X),(X)
0100000US,,United States,01000C0US,,United States - In metropolitan statistical area,In metropolitan statistical area,262624993,281238219,18613226,7.1,(X),(X),(X),(X)
0100000US,,United States,310M400US10180,10180,"United States - In metropolitan statistical area - Abilene, TX Metro Area","Abilene, TX Metro Area",165246,171451,6205,3.8,242,246,237,218
0100000US,,United States,310M400US10420,10420,"United States - In metropolitan statistical area - Akron, OH Metro Area","Akron, OH Metro Area",703203,704845,1642,0.2,74,82,280,296
0100000US,,United States,310M400US10500,10500,"United States - In metropolitan statistical area - Albany, GA Metro Area","Albany, GA Metro Area",157493,153009,-4484,-2.8,254,270,345,351
0100000US,,United States,310M400US10540,10540,"United States - In metropolitan statistical area - Albany, OR Metro Area","Albany, OR Metro Area",116676,127335,10659,9.1,323,309,197,98
0100000US,,United States,310M400US10580,10580,"United States - In metropolitan statistical area - Albany-Schenectady-Troy, NY Metro Area","Albany-Schenectady-Troy, NY Metro Area",870714,883169,12455,1.4,60,64,186,264
0100000US,,United States,310M400US10740,10740,"United States - In metropolitan statistical area - Albuquerque, NM Metro Area","Albuquerque, NM Metro Area",887064,915927,28863,3.3,59,60,108,237
0100000US,,United States,310M400US10780,10780,"United States - In metropolitan statistical area - Alexandria, LA Metro Area","Alexandria, LA Metro Area",153918,153044,-874,-0.6,260,269,309,313
0100000US,,United States,310M400US10900,10900,"United States - In metropolitan statistical area - Allentown-Bethlehem-Easton, PA-NJ Metro Area","Allentown-Bethlehem-Easton, PA-NJ Metro Area",821267,842913,21646,2.6,67,69,135,243
0100000US,,United States,310M400US11020,11020,"United States - In metropolitan statistical area - Altoona, PA Metro Area","Altoona, PA Metro Area",127116,122492,-4624,-3.6,307,321,348,363
0100000US,,United States,310M400US11100,11100,"United States - In metropolitan statistical area - Amarillo, TX Metro Area","Amarillo, TX Metro Area",251937,265947,14010,5.6,181,183,176,169
0100000US,,United States,310M400US11180,11180,"United States - In metropolitan statistical area - Ames, IA Metro Area","Ames, IA Metro Area",89542,98105,8563,9.6,366,358,211,94
0100000US,,United States,310M400US11260,11260,"United States - In metropolitan statistical area - Anchorage, AK Metro Area","Anchorage, AK Metro Area",380821,399148,18327,4.8,133,134,153,190
0100000US,,United States,310M400US11460,11460,"United States - In metropolitan statistical area - Ann Arbor, MI Metro Area","Ann Arbor, MI Metro Area",345104,370963,25859,7.5,148,144,118,133
0100000US,,United States,310M400US11500,11500,"United States - In metropolitan statistical area - Anniston-Oxford-Jacksonville, AL Metro Area","Anniston-Oxford-Jacksonville, AL Metro Area",118594,114277,-4317,-3.6,319,334,343,364
0100000US,,United States,310M400US11540,11540,"United States - In metropolitan statistical area - Appleton, WI Metro Area","Appleton, WI Metro Area",225664,237524,11860,5.3,195,193,189,176
0100000US,,United States,310M400US11700,11700,"United States - In metropolitan statistical area - Asheville, NC Metro Area","Asheville, NC Metro Area",424859,459585,34726,8.2,118,117,93,115
0100000US,,United States,310M400US12020,12020,"United States - In metropolitan statistical area - Athens-Clarke County, GA Metro Area","Athens-Clarke County, GA Metro Area",192564,211306,18742,9.7,219,211,151,89
0100000US,,United States,310M400US12060,12060,"United States - In metropolitan statistical area - Atlanta-Sandy Springs-Roswell, GA Metro Area","Atlanta-Sandy Springs-Roswell, GA Metro Area",5286750,5949951,663201,12.5,9,9,4,51
0100000US,,United States,310M400US12100,12100,"United States - In metropolitan statistical area - Atlantic City-Hammonton, NJ Metro Area","Atlantic City-Hammonton, NJ Metro Area",274521,265429,-9092,-3.3,167,185,370,357
0100000US,,United States,310M400US12220,12220,"United States - In metropolitan statistical area - Auburn-Opelika, AL Metro Area","Auburn-Opelika, AL Metro Area",140300,163941,23641,16.9,283,257,130,27
0100000US,,United States,310M400US12260,12260,"United States - In metropolitan statistical area - Augusta-Richmond County, GA-SC Metro Area","Augusta-Richmond County, GA-SC Metro Area",564873,604167,39294,7,94,92,84,141
0100000US,,United States,310M400US12420,12420,"United States - In metropolitan statistical area - Austin-Round Rock, TX Metro Area","Austin-Round Rock, TX Metro Area",1716321,2168316,451995,26.3,35,30,9,3
0100000US,,United States,310M400US12540,12540,"United States - In metropolitan statistical area - Bakersfield, CA Metro Area","Bakersfield, CA Metro Area",839619,896764,57145,6.8,63,62,62,145
0100000US,,United States,310M400US12580,12580,"United States - In metropolitan statistical area - Baltimore-Columbia-Towson, MD Metro Area","Baltimore-Columbia-Towson, MD Metro Area",2710602,2802789,92187,3.4,20,21,43,226
0100000US,,United States,310M400US12620,12620,"United States - In metropolitan statistical area - Bangor, ME Metro Area","Bangor, ME Metro Area",153932,151096,-2836,-1.8,259,275,331,339
0100000US,,United States,310M400US12700,12700,"United States - In metropolitan statistical area - Barnstable Town, MA Metro Area","Barnstable Town, MA Metro Area",215875,213413,-2462,-1.1,198,209,325,325
0100000US,,United States,310M400US12940,12940,"United States - In metropolitan statistical area - Baton Rouge, LA Metro Area","Baton Rouge, LA Metro Area",802504,831310,28806,3.6,69,71,109,221
0100000US,,United States,310M400US12980,12980,"United States - In metropolitan statistical area - Battle Creek, MI Metro Area","Battle Creek, MI Metro Area",136148,134487,-1661,-1.2,291,300,319,329
0100000US,,United States,310M400US13020,13020,"United States - In metropolitan statistical area - Bay City, MI Metro Area","Bay City, MI Metro Area",107773,103923,-3850,-3.6,339,346,340,361
0100000US,,United States,310M400US13140,13140,"United States - In metropolitan statistical area - Beaumont-Port Arthur, TX Metro Area","Beaumont-Port Arthur, TX Metro Area",403194,409526,6332,1.6,130,132,236,263
0100000US,,United States,310M400US13220,13220,"United States - In metropolitan statistical area - Beckley, WV Metro Area","Beckley, WV Metro Area",124914,117272,-7642,-6.1,312,330,364,380
0100000US,,United States,310M400US13380,13380,"United States - In metropolitan statistical area - Bellingham, WA Metro Area","Bellingham, WA Metro Area",201146,225685,24539,12.2,211,200,125,55
0100000US,,United States,310M400US13460,13460,"United States - In metropolitan statistical area - Bend-Redmond, OR Metro Area","Bend-Redmond, OR Metro Area",157730,191996,34266,21.7,253,226,94,8
0100000US,,United States,310M400US13740,13740,"United States - In metropolitan statistical area - Billings, MT Metro Area","Billings, MT Metro Area",158944,171677,12733,8,251,245,183,124
0100000US,,United States,310M400US13780,13780,"United States - In metropolitan statistical area - Binghamton, NY Metro Area","Binghamton, NY Metro Area",251724,240219,-11505,-4.6,182,191,374,370
0100000US,,United States,310M400US13820,13820,"United States - In metropolitan statistical area - Birmingham-Hoover, AL Metro Area","Birmingham-Hoover, AL Metro Area",1128058,1151801,23743,2.1,49,49,128,251
0100000US,,United States,310M400US13900,13900,"United States - In metropolitan statistical area - Bismarck, ND Metro Area","Bismarck, ND Metro Area",114779,132678,17899,15.6,328,303,154,34
0100000US,,United States,310M400US13980,13980,"United States - In metropolitan statistical area - Blacksburg-Christiansburg-Radford, VA Metro Area","Blacksburg-Christiansburg-Radford, VA Metro Area",178254,184029,5775,3.2,228,230,241,238
0100000US,,United States,310M400US14010,14010,"United States - In metropolitan statistical area - Bloomington, IL Metro Area","Bloomington, IL Metro Area",186135,188597,2462,1.3,222,228,271,268
0100000US,,United States,310M400US14020,14020,"United States - In metropolitan statistical area - Bloomington, IN Metro Area","Bloomington, IN Metro Area",159536,167762,8226,5.2,249,253,215,179
0100000US,,United States,310M400US14100,14100,"United States - In metropolitan statistical area - Bloomsburg-Berwick, PA Metro Area","Bloomsburg-Berwick, PA Metro Area",85561,83696,-1865,-2.2,369,372,321,343
0100000US,,United States,310M400US14260,14260,"United States - In metropolitan statistical area - Boise City, ID Metro Area","Boise City, ID Metro Area",616566,730426,113860,18.5,85,80,37,15
0100000US,,United States,310M400US14460,14460,"United States - In metropolitan statistical area - Boston-Cambridge-Newton, MA-NH Metro Area","Boston-Cambridge-Newton, MA-NH Metro Area",4552598,4875390,322792,7.1,10,10,18,138
0100000US,,United States,310M400US14500,14500,"United States - In metropolitan statistical area - Boulder, CO Metro Area","Boulder, CO Metro Area",294561,326078,31517,10.7,162,155,102,72
0100000US,,United States,310M400US14540,14540,"United States - In metropolitan statistical area - Bowling Green, KY Metro Area","Bowling Green, KY Metro Area",158608,177432,18824,11.9,252,239,150,58
0100000US,,United States,310M400US14740,14740,"United States - In metropolitan statistical area - Bremerton-Silverdale, WA Metro Area","Bremerton-Silverdale, WA Metro Area",251143,269805,18662,7.4,184,180,152,134
0100000US,,United States,310M400US14860,14860,"United States - In metropolitan statistical area - Bridgeport-Stamford-Norwalk, CT Metro Area","Bridgeport-Stamford-Norwalk, CT Metro Area",916864,943823,26959,2.9,57,58,115,241
0100000US,,United States,310M400US15180,15180,"United States - In metropolitan statistical area - Brownsville-Harlingen, TX Metro Area","Brownsville-Harlingen, TX Metro Area",406215,423908,17693,4.4,127,127,157,204
0100000US,,United States,310M400US15260,15260,"United States - In metropolitan statistical area - Brunswick, GA Metro Area","Brunswick, GA Metro Area",112371,118456,6085,5.4,332,329,238,171
0100000US,,United States,310M400US15380,15380,"United States - In metropolitan statistical area - Buffalo-Cheektowaga-Niagara Falls, NY Metro Area","Buffalo-Cheektowaga-Niagara Falls, NY Metro Area",1135614,1130152,-5462,-0.5,47,50,355,308
0100000US,,United States,310M400US15500,15500,"United States - In metropolitan statistical area - Burlington, NC Metro Area","Burlington, NC Metro Area",151160,166436,15276,10.1,267,256,170,81
0100000US,,United States,310M400US15540,15540,"United States - In metropolitan statistical area - Burlington-South Burlington, VT Metro Area","Burlington-South Burlington, VT Metro Area",211262,221083,9821,4.6,200,202,205,195
0100000US,,United States,310M400US15680,15680,"United States - In metropolitan statistical area - California-Lexington Park, MD Metro Area","California-Lexington Park, MD Metro Area",105143,112664,7521,7.2,343,336,223,136
0100000US,,United States,310M400US15940,15940,"United States - In metropolitan statistical area - Canton-Massillon, OH Metro Area","Canton-Massillon, OH Metro Area",404425,398655,-5770,-1.4,129,135,357,333
0100000US,,United States,310M400US15980,15980,"United States - In metropolitan statistical area - Cape Coral-Fort Myers, FL Metro Area","Cape Coral-Fort Myers, FL Metro Area",618754,754610,135856,22,84,76,31,7
0100000US,,United States,310M400US16020,16020,"United States - In metropolitan statistical area - Cape Girardeau, MO-IL Metro Area","Cape Girardeau, MO-IL Metro Area",96274,96982,708,0.7,358,362,291,280
0100000US,,United States,310M400US16060,16060,"United States - In metropolitan statistical area - Carbondale-Marion, IL Metro Area","Carbondale-Marion, IL Metro Area",126574,124475,-2099,-1.7,309,317,323,336
0100000US,,United States,310M400US16180,16180,"United States - In metropolitan statistical area - Carson City, NV Metro Area","Carson City, NV Metro Area",55274,55414,140,0.3,383,383,298,295
0100000US,,United States,310M400US16220,16220,"United States - In metropolitan statistical area - Casper, WY Metro Area","Casper, WY Metro Area",75448,79115,3667,4.9,379,378,257,187
0100000US,,United States,310M400US16300,16300,"United States - In metropolitan statistical area - Cedar Rapids, IA Metro Area","Cedar Rapids, IA Metro Area",257943,272295,14352,5.6,173,177,173,168
0100000US,,United States,310M400US16540,16540,"United States - In metropolitan statistical area - Chambersburg-Waynesboro, PA Metro Area","Chambersburg-Waynesboro, PA Metro Area",149619,154835,5216,3.5,270,265,245,224
0100000US,,United States,310M400US16580,16580,"United States - In metropolitan statistical area - Champaign-Urbana, IL Metro Area","Champaign-Urbana, IL Metro Area",231887,239643,7756,3.3,190,192,221,233
0100000US,,United States,310M400US16620,16620,"United States - In metropolitan statistical area - Charleston, WV Metro Area","Charleston, WV Metro Area",227060,211037,-16023,-7.1,194,212,379,381
0100000US,,United States,310M400US16700,16700,"United States - In metropolitan statistical area - Charleston-North Charleston, SC Metro Area","Charleston-North Charleston, SC Metro Area",664639,787643,123004,18.5,78,74,35,14
0100000US,,United States,310M400US16740,16740,"United States - In metropolitan statistical area - Charlotte-Concord-Gastonia, NC-SC Metro Area","Charlotte-Concord-Gastonia, NC-SC Metro Area",2216997,2569213,352216,15.9,24,23,17,31
0100000US,,United States,310M400US16820,16820,"United States - In metropolitan statistical area - Charlottesville, VA Metro Area","Charlottesville, VA Metro Area",218701,235232,16531,7.6,197,194,160,132
0100000US,,United States,310M400US16860,16860,"United States - In metropolitan statistical area - Chattanooga, TN-GA Metro Area","Chattanooga, TN-GA Metro Area",528150,560793,32643,6.2,98,99,99,154
0100000US,,United States,310M400US16940,16940,"United States - In metropolitan statistical area - Cheyenne, WY Metro Area","Cheyenne, WY Metro Area",91885,98976,7091,7.7,365,356,227,129
0100000US,,United States,310M400US16980,16980,"United States - In metropolitan statistical area - Chicago-Naperville-Elgin, IL-IN-WI Metro Area","Chicago-Naperville-Elgin, IL-IN-WI Metro Area",9461539,9498716,37177,0.4,3,3,86,293
0100000US,,United States,310M400US17020,17020,"United States - In metropolitan statistical area - Chico, CA Metro Area","Chico, CA Metro Area",220002,231256,11254,5.1,196,197,194,182
0100000US,,United States,310M400US17140,17140,"United States - In metropolitan statistical area - Cincinnati, OH-KY-IN Metro Area","Cincinnati, OH-KY-IN Metro Area",2114659,2190209,75550,3.6,28,29,52,222
0100000US,,United States,310M400US17300,17300,"United States - In metropolitan statistical area - Clarksville, TN-KY Metro Area","Clarksville, TN-KY Metro Area",260630,292264,31634,12.1,172,166,101,56
0100000US,,United States,310M400US17420,17420,"United States - In metropolitan statistical area - Cleveland, TN Metro Area","Cleveland, TN Metro Area",115754,123625,7871,6.8,326,318,220,146
0100000US,,United States,310M400US17460,17460,"United States - In metropolitan statistical area - Cleveland-Elyria, OH Metro Area","Cleveland-Elyria, OH Metro Area",2077278,2057009,-20269,-1,29,33,381,321
0100000US,,United States,310M400US17660,17660,"United States - In metropolitan statistical area - Coeur d'Alene, ID Metro Area","Coeur d'Alene, ID Metro Area",138466,161505,23039,16.6,285,261,131,28
0100000US,,United States,310M400US17780,17780,"United States - In metropolitan statistical area - College Station-Bryan, TX Metro Area","College Station-Bryan, TX Metro Area",228668,262431,33763,14.8,192,187,96,39
0100000US,,United States,310M400US17820,17820,"United States - In metropolitan statistical area - Colorado Springs, CO Metro Area","Colorado Springs, CO Metro Area",645609,738939,93330,14.5,80,79,42,41
0100000US,,United States,310M400US17860,17860,"United States - In metropolitan statistical area - Columbia, MO Metro Area","Columbia, MO Metro Area",162645,180005,17360,10.7,243,233,158,73
0100000US,,United States,310M400US17900,17900,"United States - In metropolitan statistical area - Columbia, SC Metro Area","Columbia, SC Metro Area",767476,832666,65190,8.5,72,70,56,112
0100000US,,United States,310M400US17980,17980,"United States - In metropolitan statistical area - Columbus, GA-AL Metro Area","Columbus, GA-AL Metro Area",295523,305451,9928,3.4,161,163,204,231
0100000US,,United States,310M400US18020,18020,"United States - In metropolitan statistical area - Columbus, IN Metro Area","Columbus, IN Metro Area",76786,82753,5967,7.8,378,374,239,128
0100000US,,United States,310M400US18140,18140,"United States - In metropolitan statistical area - Columbus, OH Metro Area","Columbus, OH Metro Area",1902007,2106541,204534,10.8,32,32,25,70
0100000US,,United States,310M400US18580,18580,"United States - In metropolitan statistical area - Corpus Christi, TX Metro Area","Corpus Christi, TX Metro Area",428183,452950,24767,5.8,115,118,124,162
0100000US,,United States,310M400US18700,18700,"United States - In metropolitan statistical area - Corvallis, OR Metro Area","Corvallis, OR Metro Area",85582,92101,6519,7.6,368,365,233,130
0100000US,,United States,310M400US18880,18880,"United States - In metropolitan statistical area - Crestview-Fort Walton Beach-Destin, FL Metro Area","Crestview-Fort Walton Beach-Destin, FL Metro Area",235868,278644,42776,18.1,187,173,78,18
0100000US,,United States,310M400US19060,19060,"United States - In metropolitan statistical area - Cumberland, MD-WV Metro Area","Cumberland, MD-WV Metro Area",103245,97915,-5330,-5.2,345,361,354,374
0100000US,,United States,310M400US19100,19100,"United States - In metropolitan statistical area - Dallas-Fort Worth-Arlington, TX Metro Area","Dallas-Fort Worth-Arlington, TX Metro Area",6426222,7539711,1113489,17.3,4,4,1,23
0100000US,,United States,310M400US19140,19140,"United States - In metropolitan statistical area - Dalton, GA Metro Area","Dalton, GA Metro Area",142221,143983,1762,1.2,280,288,278,271
0100000US,,United States,310M400US19180,19180,"United States - In metropolitan statistical area - Danville, IL Metro Area","Danville, IL Metro Area",81625,76806,-4819,-5.9,375,379,350,378
0100000US,,United States,310M400US19300,19300,"United States - In metropolitan statistical area - Daphne-Fairhope-Foley, AL Metro Area","Daphne-Fairhope-Foley, AL Metro Area",182264,218022,35758,19.6,225,206,90,12
0100000US,,United States,310M400US19340,19340,"United States - In metropolitan statistical area - Davenport-Moline-Rock Island, IA-IL Metro Area","Davenport-Moline-Rock Island, IA-IL Metro Area",379688,381451,1763,0.5,134,140,277,290
0100000US,,United States,310M400US19380,19380,"United States - In metropolitan statistical area - Dayton, OH Metro Area","Dayton, OH Metro Area",799268,806548,7280,0.9,70,73,226,278
0100000US,,United States,310M400US19460,19460,"United States - In metropolitan statistical area - Decatur, AL Metro Area","Decatur, AL Metro Area",153825,152046,-1779,-1.2,261,271,320,326
0100000US,,United States,310M400US19500,19500,"United States - In metropolitan statistical area - Decatur, IL Metro Area","Decatur, IL Metro Area",110775,104712,-6063,-5.5,337,345,358,377
0100000US,,United States,310M400US19660,19660,"United States - In metropolitan statistical area - Deltona-Daytona Beach-Ormond Beach, FL Metro Area","Deltona-Daytona Beach-Ormond Beach, FL Metro Area",590299,659605,69306,11.7,90,86,53,60
0100000US,,United States,310M400US19740,19740,"United States - In metropolitan statistical area - Denver-Aurora-Lakewood, CO Metro Area","Denver-Aurora-Lakewood, CO Metro Area",2543602,2932415,388813,15.3,21,19,14,37
0100000US,,United States,310M400US19780,19780,"United States - In metropolitan statistical area - Des Moines-West Des Moines, IA Metro Area","Des Moines-West Des Moines, IA Metro Area",569632,655409,85777,15.1,91,87,46,38
0100000US,,United States,310M400US19820,19820,"United States - In metropolitan statistical area - Detroit-Warren-Dearborn, MI Metro Area","Detroit-Warren-Dearborn, MI Metro Area",4296290,4326442,30152,0.7,12,14,107,283
0100000US,,United States,310M400US20020,20020,"United States - In metropolitan statistical area - Dothan, AL Metro Area","Dothan, AL Metro Area",145641,148245,2604,1.8,276,283,268,257
0100000US,,United States,310M400US20100,20100,"United States - In metropolitan statistical area - Dover, DE Metro Area","Dover, DE Metro Area",162349,178550,16201,10,244,237,165,83
0100000US,,United States,310M400US20220,20220,"United States - In metropolitan statistical area - Dubuque, IA Metro Area","Dubuque, IA Metro Area",93643,96854,3211,3.4,361,363,260,225
0100000US,,United States,310M400US20260,20260,"United States - In metropolitan statistical area - Duluth, MN-WI Metro Area","Duluth, MN-WI Metro Area",279776,278799,-977,-0.3,166,172,310,305
0100000US,,United States,310M400US20500,20500,"United States - In metropolitan statistical area - Durham-Chapel Hill, NC Metro Area","Durham-Chapel Hill, NC Metro Area",506660,575412,68752,13.6,104,96,54,47
0100000US,,United States,310M400US20700,20700,"United States - In metropolitan statistical area - East Stroudsburg, PA Metro Area","East Stroudsburg, PA Metro Area",169832,169507,-325,-0.2,236,250,303,303
0100000US,,United States,310M400US20740,20740,"United States - In metropolitan statistical area - Eau Claire, WI Metro Area","Eau Claire, WI Metro Area",161385,168669,7284,4.5,245,252,225,201
0100000US,,United States,310M400US20940,20940,"United States - In metropolitan statistical area - El Centro, CA Metro Area","El Centro, CA Metro Area",174524,181827,7303,4.2,233,231,224,207
0100000US,,United States,310M400US21060,21060,"United States - In metropolitan statistical area - Elizabethtown-Fort Knox, KY Metro Area","Elizabethtown-Fort Knox, KY Metro Area",148340,153378,5038,3.4,272,267,247,227
0100000US,,United States,310M400US21140,21140,"United States - In metropolitan statistical area - Elkhart-Goshen, IN Metro Area","Elkhart-Goshen, IN Metro Area",197559,205560,8001,4,216,217,217,209
0100000US,,United States,310M400US21300,21300,"United States - In metropolitan statistical area - Elmira, NY Metro Area","Elmira, NY Metro Area",88849,84254,-4595,-5.2,367,371,347,375
0100000US,,United States,310M400US21340,21340,"United States - In metropolitan statistical area - El Paso, TX Metro Area","El Paso, TX Metro Area",804129,845553,41424,5.2,68,68,80,180
0100000US,,United States,310M400US21420,21420,"United States - In metropolitan statistical area - Enid, OK Metro Area","Enid, OK Metro Area",60580,60913,333,0.5,382,382,295,288
0100000US,,United States,310M400US21500,21500,"United States - In metropolitan statistical area - Erie, PA Metro Area","Erie, PA Metro Area",280584,272061,-8523,-3,164,178,368,354
0100000US,,United States,310M400US21660,21660,"United States - In metropolitan statistical area - Eugene, OR Metro Area","Eugene, OR Metro Area",351704,379611,27907,7.9,145,141,113,126
0100000US,,United States,310M400US21780,21780,"United States - In metropolitan statistical area - Evansville, IN-KY Metro Area","Evansville, IN-KY Metro Area",311548,314672,3124,1,154,159,264,277
0100000US,,United States,310M400US21820,21820,"United States - In metropolitan statistical area - Fairbanks, AK Metro Area","Fairbanks, AK Metro Area",97585,98971,1386,1.4,354,357,285,265
0100000US,,United States,310M400US22020,22020,"United States - In metropolitan statistical area - Fargo, ND-MN Metro Area","Fargo, ND-MN Metro Area",208777,245471,36694,17.6,205,189,87,21
0100000US,,United States,310M400US22140,22140,"United States - In metropolitan statistical area - Farmington, NM Metro Area","Farmington, NM Metro Area",130045,125043,-5002,-3.8,301,316,353,366
0100000US,,United States,310M400US22180,22180,"United States - In metropolitan statistical area - Fayetteville, NC Metro Area","Fayetteville, NC Metro Area",366323,387094,20771,5.7,142,138,140,164
0100000US,,United States,310M400US22220,22220,"United States - In metropolitan statistical area - Fayetteville-Springdale-Rogers, AR-MO Metro Area","Fayetteville-Springdale-Rogers, AR-MO Metro Area",463202,549128,85926,18.6,109,102,45,13
0100000US,,United States,310M400US22380,22380,"United States - In metropolitan statistical area - Flagstaff, AZ Metro Area","Flagstaff, AZ Metro Area",134431,142854,8423,6.3,293,289,213,152
0100000US,,United States,310M400US22420,22420,"United States - In metropolitan statistical area - Flint, MI Metro Area","Flint, MI Metro Area",425789,406892,-18897,-4.4,116,133,380,369
0100000US,,United States,310M400US22500,22500,"United States - In metropolitan statistical area - Florence, SC Metro Area","Florence, SC Metro Area",205571,204961,-610,-0.3,208,218,306,304
0100000US,,United States,310M400US22520,22520,"United States - In metropolitan statistical area - Florence-Muscle Shoals, AL Metro Area","Florence-Muscle Shoals, AL Metro Area",147137,147149,12,0,274,285,299,299
0100000US,,United States,310M400US22540,22540,"United States - In metropolitan statistical area - Fond du Lac, WI Metro Area","Fond du Lac, WI Metro Area",101627,103066,1439,1.4,347,347,282,266
0100000US,,United States,310M400US22660,22660,"United States - In metropolitan statistical area - Fort Collins, CO Metro Area","Fort Collins, CO Metro Area",299615,350518,50903,17,159,150,68,24
0100000US,,United States,310M400US22900,22900,"United States - In metropolitan statistical area - Fort Smith, AR-OK Metro Area","Fort Smith, AR-OK Metro Area",280532,282318,1786,0.6,165,171,276,284
0100000US,,United States,310M400US23060,23060,"United States - In metropolitan statistical area - Fort Wayne, IN Metro Area","Fort Wayne, IN Metro Area",416262,437631,21369,5.1,122,123,136,181
0100000US,,United States,310M400US23420,23420,"United States - In metropolitan statistical area - Fresno, CA Metro Area","Fresno, CA Metro Area",930496,994400,63904,6.9,56,54,57,144
0100000US,,United States,310M400US23460,23460,"United States - In metropolitan statistical area - Gadsden, AL Metro Area","Gadsden, AL Metro Area",104427,102501,-1926,-1.8,344,351,322,340
0100000US,,United States,310M400US23540,23540,"United States - In metropolitan statistical area - Gainesville, FL Metro Area","Gainesville, FL Metro Area",264278,288212,23934,9.1,170,168,127,103
0100000US,,United States,310M400US23580,23580,"United States - In metropolitan statistical area - Gainesville, GA Metro Area","Gainesville, GA Metro Area",179726,202148,22422,12.5,226,220,134,52
0100000US,,United States,310M400US23900,23900,"United States - In metropolitan statistical area - Gettysburg, PA Metro Area","Gettysburg, PA Metro Area",101424,102811,1387,1.4,349,348,284,267
0100000US,,United States,310M400US24020,24020,"United States - In metropolitan statistical area - Glens Falls, NY Metro Area","Glens Falls, NY Metro Area",128941,125462,-3479,-2.7,304,314,337,347
0100000US,,United States,310M400US24140,24140,"United States - In metropolitan statistical area - Goldsboro, NC Metro Area","Goldsboro, NC Metro Area",122673,123248,575,0.5,315,319,293,289
0100000US,,United States,310M400US24220,24220,"United States - In metropolitan statistical area - Grand Forks, ND-MN Metro Area","Grand Forks, ND-MN Metro Area",98464,102299,3835,3.9,353,352,256,213
0100000US,,United States,310M400US24260,24260,"United States - In metropolitan statistical area - Grand Island, NE Metro Area","Grand Island, NE Metro Area",81850,85088,3238,4,374,370,259,212
0100000US,,United States,310M400US24300,24300,"United States - In metropolitan statistical area - Grand Junction, CO Metro Area","Grand Junction, CO Metro Area",146717,153207,6490,4.4,275,268,235,203
0100000US,,United States,310M400US24340,24340,"United States - In metropolitan statistical area - Grand Rapids-Wyoming, MI Metro Area","Grand Rapids-Wyoming, MI Metro Area",988940,1069405,80465,8.1,52,52,49,117
0100000US,,United States,310M400US24420,24420,"United States - In metropolitan statistical area - Grants Pass, OR Metro Area","Grants Pass, OR Metro Area",82718,87393,4675,5.7,373,368,249,166
0100000US,,United States,310M400US24500,24500,"United States - In metropolitan statistical area - Great Falls, MT Metro Area","Great Falls, MT Metro Area",81323,81643,320,0.4,376,376,296,292
0100000US,,United States,310M400US24540,24540,"United States - In metropolitan statistical area - Greeley, CO Metro Area","Greeley, CO Metro Area",252847,314305,61458,24.3,177,160,59,6
0100000US,,United States,310M400US24580,24580,"United States - In metropolitan statistical area - Green Bay, WI Metro Area","Green Bay, WI Metro Area",306241,321591,15350,5,157,157,169,184
0100000US,,United States,310M400US24660,24660,"United States - In metropolitan statistical area - Greensboro-High Point, NC Metro Area","Greensboro-High Point, NC Metro Area",723885,767711,43826,6.1,73,75,76,155
0100000US,,United States,310M400US24780,24780,"United States - In metropolitan statistical area - Greenville, NC Metro Area","Greenville, NC Metro Area",168167,179914,11747,7,238,234,190,140
0100000US,,United States,310M400US24860,24860,"United States - In metropolitan statistical area - Greenville-Anderson-Mauldin, SC Metro Area","Greenville-Anderson-Mauldin, SC Metro Area",824035,906626,82591,10,65,61,47,82
0100000US,,United States,310M400US25060,25060,"United States - In metropolitan statistical area - Gulfport-Biloxi-Pascagoula, MS Metro Area","Gulfport-Biloxi-Pascagoula, MS Metro Area",370787,397261,26474,7.1,139,136,117,137
0100000US,,United States,310M400US25180,25180,"United States - In metropolitan statistical area - Hagerstown-Martinsburg, MD-WV Metro Area","Hagerstown-Martinsburg, MD-WV Metro Area",251602,268049,16447,6.5,183,181,161,150
0100000US,,United States,310M400US25220,25220,"United States - In metropolitan statistical area - Hammond, LA Metro Area","Hammond, LA Metro Area",121107,133777,12670,10.5,316,302,184,77
0100000US,,United States,310M400US25260,25260,"United States - In metropolitan statistical area - Hanford-Corcoran, CA Metro Area","Hanford-Corcoran, CA Metro Area",152982,151366,-1616,-1.1,262,273,318,323
0100000US,,United States,310M400US25420,25420,"United States - In metropolitan statistical area - Harrisburg-Carlisle, PA Metro Area","Harrisburg-Carlisle, PA Metro Area",549468,574659,25191,4.6,96,97,121,198
0100000US,,United States,310M400US25500,25500,"United States - In metropolitan statistical area - Harrisonburg, VA Metro Area","Harrisonburg, VA Metro Area",125221,135277,10056,8,311,298,203,122
0100000US,,United States,310M400US25540,25540,"United States - In metropolitan statistical area - Hartford-West Hartford-East Hartford, CT Metro Area","Hartford-West Hartford-East Hartford, CT Metro Area",1212453,1206300,-6153,-0.5,44,48,359,310
0100000US,,United States,310M400US25620,25620,"United States - In metropolitan statistical area - Hattiesburg, MS Metro Area","Hattiesburg, MS Metro Area",142845,149414,6569,4.6,279,280,232,197
0100000US,,United States,310M400US25860,25860,"United States - In metropolitan statistical area - Hickory-Lenoir-Morganton, NC Metro Area","Hickory-Lenoir-Morganton, NC Metro Area",365830,368416,2586,0.7,143,146,269,281
0100000US,,United States,310M400US25940,25940,"United States - In metropolitan statistical area - Hilton Head Island-Bluffton-Beaufort, SC Metro Area","Hilton Head Island-Bluffton-Beaufort, SC Metro Area",187010,217686,30676,16.4,221,207,105,29
0100000US,,United States,310M400US25980,25980,"United States - In metropolitan statistical area - Hinesville, GA Metro Area","Hinesville, GA Metro Area",77919,80495,2576,3.3,377,377,270,235
0100000US,,United States,310M400US26140,26140,"United States - In metropolitan statistical area - Homosassa Springs, FL Metro Area","Homosassa Springs, FL Metro Area",141229,147929,6700,4.7,282,284,229,192
0100000US,,United States,310M400US26300,26300,"United States - In metropolitan statistical area - Hot Springs, AR Metro Area","Hot Springs, AR Metro Area",96000,99154,3154,3.3,359,355,262,236
0100000US,,United States,310M400US26380,26380,"United States - In metropolitan statistical area - Houma-Thibodaux, LA Metro Area","Houma-Thibodaux, LA Metro Area",208184,209136,952,0.5,206,215,290,291
0100000US,,United States,310M400US26420,26420,"United States - In metropolitan statistical area - Houston-The Woodlands-Sugar Land, TX Metro Area","Houston-The Woodlands-Sugar Land, TX Metro Area",5920487,6997384,1076897,18.2,6,5,2,17
0100000US,,United States,310M400US26580,26580,"United States - In metropolitan statistical area - Huntington-Ashland, WV-KY-OH Metro Area","Huntington-Ashland, WV-KY-OH Metro Area",364884,352823,-12061,-3.3,144,149,377,356
0100000US,,United States,310M400US26620,26620,"United States - In metropolitan statistical area - Huntsville, AL Metro Area","Huntsville, AL Metro Area",417593,462693,45100,10.8,121,116,73,69
0100000US,,United States,310M400US26820,26820,"United States - In metropolitan statistical area - Idaho Falls, ID Metro Area","Idaho Falls, ID Metro Area",133329,148904,15575,11.7,297,281,167,61
0100000US,,United States,310M400US26900,26900,"United States - In metropolitan statistical area - Indianapolis-Carmel-Anderson, IN Metro Area","Indianapolis-Carmel-Anderson, IN Metro Area",1888085,2048703,160618,8.5,33,34,29,111
0100000US,,United States,310M400US26980,26980,"United States - In metropolitan statistical area - Iowa City, IA Metro Area","Iowa City, IA Metro Area",152586,173401,20815,13.6,263,243,139,46
0100000US,,United States,310M400US27060,27060,"United States - In metropolitan statistical area - Ithaca, NY Metro Area","Ithaca, NY Metro Area",101580,102793,1213,1.2,348,349,287,272
0100000US,,United States,310M400US27100,27100,"United States - In metropolitan statistical area - Jackson, MI Metro Area","Jackson, MI Metro Area",160245,158823,-1422,-0.9,247,262,314,318
0100000US,,United States,310M400US27140,27140,"United States - In metropolitan statistical area - Jackson, MS Metro Area","Jackson, MS Metro Area",567632,580166,12534,2.2,92,95,185,248
0100000US,,United States,310M400US27180,27180,"United States - In metropolitan statistical area - Jackson, TN Metro Area","Jackson, TN Metro Area",130022,129209,-813,-0.6,302,306,307,314
0100000US,,United States,310M400US27260,27260,"United States - In metropolitan statistical area - Jacksonville, FL Metro Area","Jacksonville, FL Metro Area",1345591,1534701,189110,14.1,40,40,27,43
0100000US,,United States,310M400US27340,27340,"United States - In metropolitan statistical area - Jacksonville, NC Metro Area","Jacksonville, NC Metro Area",177799,197683,19884,11.2,229,223,146,66
0100000US,,United States,310M400US27500,27500,"United States - In metropolitan statistical area - Janesville-Beloit, WI Metro Area","Janesville-Beloit, WI Metro Area",160335,163129,2794,1.7,246,258,267,259
0100000US,,United States,310M400US27620,27620,"United States - In metropolitan statistical area - Jefferson City, MO Metro Area","Jefferson City, MO Metro Area",149797,151520,1723,1.2,269,272,279,273
0100000US,,United States,310M400US27740,27740,"United States - In metropolitan statistical area - Johnson City, TN Metro Area","Johnson City, TN Metro Area",198757,202719,3962,2,215,219,255,254
0100000US,,United States,310M400US27780,27780,"United States - In metropolitan statistical area - Johnstown, PA Metro Area","Johnstown, PA Metro Area",143681,131730,-11951,-8.3,278,305,376,382
0100000US,,United States,310M400US27860,27860,"United States - In metropolitan statistical area - Jonesboro, AR Metro Area","Jonesboro, AR Metro Area",121020,132532,11512,9.5,317,304,191,95
0100000US,,United States,310M400US27900,27900,"United States - In metropolitan statistical area - Joplin, MO Metro Area","Joplin, MO Metro Area",175509,178902,3393,1.9,232,235,258,256
0100000US,,United States,310M400US27980,27980,"United States - In metropolitan statistical area - Kahului-Wailuku-Lahaina, HI Metro Area","Kahului-Wailuku-Lahaina, HI Metro Area",154930,167295,12365,8,257,255,187,125
0100000US,,United States,310M400US28020,28020,"United States - In metropolitan statistical area - Kalamazoo-Portage, MI Metro Area","Kalamazoo-Portage, MI Metro Area",326591,340318,13727,4.2,150,152,178,206
0100000US,,United States,310M400US28100,28100,"United States - In metropolitan statistical area - Kankakee, IL Metro Area","Kankakee, IL Metro Area",113450,110024,-3426,-3,331,339,335,353
0100000US,,United States,310M400US28140,28140,"United States - In metropolitan statistical area - Kansas City, MO-KS Metro Area","Kansas City, MO-KS Metro Area",2009341,2143651,134310,6.7,30,31,33,149
0100000US,,United States,310M400US28420,28420,"United States - In metropolitan statistical area - Kennewick-Richland, WA Metro Area","Kennewick-Richland, WA Metro Area",253332,296224,42892,16.9,176,164,77,26
0100000US,,United States,310M400US28660,28660,"United States - In metropolitan statistical area - Killeen-Temple, TX Metro Area","Killeen-Temple, TX Metro Area",405313,451679,46366,11.4,128,119,69,63
0100000US,,United States,310M400US28700,28700,"United States - In metropolitan statistical area - Kingsport-Bristol-Bristol, TN-VA Metro Area","Kingsport-Bristol-Bristol, TN-VA Metro Area",309502,306616,-2886,-0.9,155,162,332,320
0100000US,,United States,310M400US28740,28740,"United States - In metropolitan statistical area - Kingston, NY Metro Area","Kingston, NY Metro Area",182512,178599,-3913,-2.1,224,236,341,342
0100000US,,United States,310M400US28940,28940,"United States - In metropolitan statistical area - Knoxville, TN Metro Area","Knoxville, TN Metro Area",837677,883309,45632,5.4,64,63,72,170
0100000US,,United States,310M400US29020,29020,"United States - In metropolitan statistical area - Kokomo, IN Metro Area","Kokomo, IN Metro Area",82752,82366,-386,-0.5,372,375,304,307
0100000US,,United States,310M400US29100,29100,"United States - In metropolitan statistical area - La Crosse-Onalaska, WI-MN Metro Area","La Crosse-Onalaska, WI-MN Metro Area",133660,136808,3148,2.4,295,296,263,246
0100000US,,United States,310M400US29180,29180,"United States - In metropolitan statistical area - Lafayette, LA Metro Area","Lafayette, LA Metro Area",466736,489364,22628,4.8,107,109,132,188
0100000US,,United States,310M400US29200,29200,"United States - In metropolitan statistical area - Lafayette-West Lafayette, IN Metro Area","Lafayette-West Lafayette, IN Metro Area",201794,221828,20034,9.9,210,201,145,85
0100000US,,United States,310M400US29340,29340,"United States - In metropolitan statistical area - Lake Charles, LA Metro Area","Lake Charles, LA Metro Area",199641,210080,10439,5.2,214,213,201,177
0100000US,,United States,310M400US29420,29420,"United States - In metropolitan statistical area - Lake Havasu City-Kingman, AZ Metro Area","Lake Havasu City-Kingman, AZ Metro Area",200182,209550,9368,4.7,212,214,207,193
0100000US,,United States,310M400US29460,29460,"United States - In metropolitan statistical area - Lakeland-Winter Haven, FL Metro Area","Lakeland-Winter Haven, FL Metro Area",602098,708009,105911,17.6,88,81,39,20
0100000US,,United States,310M400US29540,29540,"United States - In metropolitan statistical area - Lancaster, PA Metro Area","Lancaster, PA Metro Area",519446,543557,24111,4.6,101,103,126,196
0100000US,,United States,310M400US29620,29620,"United States - In metropolitan statistical area - Lansing-East Lansing, MI Metro Area","Lansing-East Lansing, MI Metro Area",464021,481893,17872,3.9,108,111,155,214
0100000US,,United States,310M400US29700,29700,"United States - In metropolitan statistical area - Laredo, TX Metro Area","Laredo, TX Metro Area",250304,275910,25606,10.2,185,174,120,79
0100000US,,United States,310M400US29740,29740,"United States - In metropolitan statistical area - Las Cruces, NM Metro Area","Las Cruces, NM Metro Area",209202,217522,8320,4,204,208,214,211
0100000US,,United States,310M400US29820,29820,"United States - In metropolitan statistical area - Las Vegas-Henderson-Paradise, NV Metro Area","Las Vegas-Henderson-Paradise, NV Metro Area",1951271,2231647,280376,14.4,31,28,19,42
0100000US,,United States,310M400US29940,29940,"United States - In metropolitan statistical area - Lawrence, KS Metro Area","Lawrence, KS Metro Area",110826,121436,10610,9.6,336,322,198,93
0100000US,,United States,310M400US30020,30020,"United States - In metropolitan statistical area - Lawton, OK Metro Area","Lawton, OK Metro Area",130288,126198,-4090,-3.1,300,313,342,355
0100000US,,United States,310M400US30140,30140,"United States - In metropolitan statistical area - Lebanon, PA Metro Area","Lebanon, PA Metro Area",133577,141314,7737,5.8,296,290,222,161
0100000US,,United States,310M400US30300,30300,"United States - In metropolitan statistical area - Lewiston, ID-WA Metro Area","Lewiston, ID-WA Metro Area",60893,63018,2125,3.5,381,381,273,223
0100000US,,United States,310M400US30340,30340,"United States - In metropolitan statistical area - Lewiston-Auburn, ME Metro Area","Lewiston-Auburn, ME Metro Area",107710,107679,-31,0,340,342,300,300
0100000US,,United States,310M400US30460,30460,"United States - In metropolitan statistical area - Lexington-Fayette, KY Metro Area","Lexington-Fayette, KY Metro Area",472103,516697,44594,9.4,106,106,74,96
0100000US,,United States,310M400US30620,30620,"United States - In metropolitan statistical area - Lima, OH Metro Area","Lima, OH Metro Area",106315,102663,-3652,-3.4,342,350,338,359
0100000US,,United States,310M400US30700,30700,"United States - In metropolitan statistical area - Lincoln, NE Metro Area","Lincoln, NE Metro Area",302157,334590,32433,10.7,158,154,100,71
0100000US,,United States,310M400US30780,30780,"United States - In metropolitan statistical area - Little Rock-North Little Rock-Conway, AR Metro Area","Little Rock-North Little Rock-Conway, AR Metro Area",699796,741104,41308,5.9,76,78,82,159
0100000US,,United States,310M400US30860,30860,"United States - In metropolitan statistical area - Logan, UT-ID Metro Area","Logan, UT-ID Metro Area",125442,140794,15352,12.2,310,291,168,54
0100000US,,United States,310M400US30980,30980,"United States - In metropolitan statistical area - Longview, TX Metro Area","Longview, TX Metro Area",214367,219417,5050,2.4,199,205,246,245
0100000US,,United States,310M400US31020,31020,"United States - In metropolitan statistical area - Longview, WA Metro Area","Longview, WA Metro Area",102408,108987,6579,6.4,346,341,231,151
0100000US,,United States,310M400US31080,31080,"United States - In metropolitan statistical area - Los Angeles-Long Beach-Anaheim, CA Metro Area","Los Angeles-Long Beach-Anaheim, CA Metro Area",12828946,13291486,462540,3.6,2,2,8,220
0100000US,,United States,310M400US31140,31140,"United States - In metropolitan statistical area - Louisville/Jefferson County, KY-IN Metro Area","Louisville/Jefferson County, KY-IN Metro Area",1235691,1297301,61610,5,43,45,58,185
0100000US,,United States,310M400US31180,31180,"United States - In metropolitan statistical area - Lubbock, TX Metro Area","Lubbock, TX Metro Area",290889,319068,28179,9.7,163,158,111,91
0100000US,,United States,310M400US31340,31340,"United States - In metropolitan statistical area - Lynchburg, VA Metro Area","Lynchburg, VA Metro Area",252659,263353,10694,4.2,179,186,196,205
0100000US,,United States,310M400US31420,31420,"United States - In metropolitan statistical area - Macon-Bibb County, GA Metro Area","Macon-Bibb County, GA Metro Area",232287,229737,-2550,-1.1,189,199,327,324
0100000US,,United States,310M400US31460,31460,"United States - In metropolitan statistical area - Madera, CA Metro Area","Madera, CA Metro Area",150841,157672,6831,4.5,268,263,228,200
0100000US,,United States,310M400US31540,31540,"United States - In metropolitan statistical area - Madison, WI Metro Area","Madison, WI Metro Area",605449,660422,54973,9.1,87,85,65,101
0100000US,,United States,310M400US31700,31700,"United States - In metropolitan statistical area - Manchester-Nashua, NH Metro Area","Manchester-Nashua, NH Metro Area",400699,415247,14548,3.6,131,129,171,219
0100000US,,United States,310M400US31740,31740,"United States - In metropolitan statistical area - Manhattan, KS Metro Area","Manhattan, KS Metro Area",92740,97980,5240,5.7,363,359,244,167
0100000US,,United States,310M400US31860,31860,"United States - In metropolitan statistical area - Mankato-North Mankato, MN Metro Area","Mankato-North Mankato, MN Metro Area",96742,101647,4905,5.1,356,353,248,183
0100000US,,United States,310M400US31900,31900,"United States - In metropolitan statistical area - Mansfield, OH Metro Area","Mansfield, OH Metro Area",124474,121099,-3375,-2.7,313,323,334,348
0100000US,,United States,310M400US32580,32580,"United States - In metropolitan statistical area - McAllen-Edinburg-Mission, TX Metro Area","McAllen-Edinburg-Mission, TX Metro Area",774768,865939,91171,11.8,71,65,44,59
0100000US,,United States,310M400US32780,32780,"United States - In metropolitan statistical area - Medford, OR Metro Area","Medford, OR Metro Area",203205,219564,16359,8.1,209,204,164,121
0100000US,,United States,310M400US32820,32820,"United States - In metropolitan statistical area - Memphis, TN-MS-AR Metro Area","Memphis, TN-MS-AR Metro Area",1324829,1350620,25791,1.9,41,43,119,255
0100000US,,United States,310M400US32900,32900,"United States - In metropolitan statistical area - Merced, CA Metro Area","Merced, CA Metro Area",255796,274765,18969,7.4,174,175,149,135
0100000US,,United States,310M400US33100,33100,"United States - In metropolitan statistical area - Miami-Fort Lauderdale-West Palm Beach, FL Metro Area","Miami-Fort Lauderdale-West Palm Beach, FL Metro Area",5566294,6198782,632488,11.4,8,7,5,64
0100000US,,United States,310M400US33140,33140,"United States - In metropolitan statistical area - Michigan City-La Porte, IN Metro Area","Michigan City-La Porte, IN Metro Area",111463,110007,-1456,-1.3,334,340,315,331
0100000US,,United States,310M400US33220,33220,"United States - In metropolitan statistical area - Midland, MI Metro Area","Midland, MI Metro Area",83626,83209,-417,-0.5,370,373,305,309
0100000US,,United States,310M400US33260,33260,"United States - In metropolitan statistical area - Midland, TX Metro Area","Midland, TX Metro Area",141671,178331,36660,25.9,281,238,88,4
0100000US,,United States,310M400US33340,33340,"United States - In metropolitan statistical area - Milwaukee-Waukesha-West Allis, WI Metro Area","Milwaukee-Waukesha-West Allis, WI Metro Area",1555954,1576113,20159,1.3,39,39,143,269
0100000US,,United States,310M400US33460,33460,"United States - In metropolitan statistical area - Minneapolis-St. Paul-Bloomington, MN-WI Metro Area","Minneapolis-St. Paul-Bloomington, MN-WI Metro Area",3348862,3629190,280328,8.4,16,16,20,113
0100000US,,United States,310M400US33540,33540,"United States - In metropolitan statistical area - Missoula, MT Metro Area","Missoula, MT Metro Area",109296,118791,9495,8.7,338,327,206,108
0100000US,,United States,310M400US33660,33660,"United States - In metropolitan statistical area - Mobile, AL Metro Area","Mobile, AL Metro Area",413145,413757,612,0.1,125,130,292,298
0100000US,,United States,310M400US33700,33700,"United States - In metropolitan statistical area - Modesto, CA Metro Area","Modesto, CA Metro Area",514451,549815,35364,6.9,102,101,91,143
0100000US,,United States,310M400US33740,33740,"United States - In metropolitan statistical area - Monroe, LA Metro Area","Monroe, LA Metro Area",176505,176805,300,0.2,231,240,297,297
0100000US,,United States,310M400US33780,33780,"United States - In metropolitan statistical area - Monroe, MI Metro Area","Monroe, MI Metro Area",152024,150439,-1585,-1,265,277,316,322
0100000US,,United States,310M400US33860,33860,"United States - In metropolitan statistical area - Montgomery, AL Metro Area","Montgomery, AL Metro Area",374541,373225,-1316,-0.4,137,143,313,306
0100000US,,United States,310M400US34060,34060,"United States - In metropolitan statistical area - Morgantown, WV Metro Area","Morgantown, WV Metro Area",129710,140259,10549,8.1,303,292,199,118
0100000US,,United States,310M400US34100,34100,"United States - In metropolitan statistical area - Morristown, TN Metro Area","Morristown, TN Metro Area",114199,118581,4382,3.8,330,328,251,215
0100000US,,United States,310M400US34580,34580,"United States - In metropolitan statistical area - Mount Vernon-Anacortes, WA Metro Area","Mount Vernon-Anacortes, WA Metro Area",116893,128206,11313,9.7,322,308,193,92
0100000US,,United States,310M400US34620,34620,"United States - In metropolitan statistical area - Muncie, IN Metro Area","Muncie, IN Metro Area",117664,114772,-2892,-2.5,321,333,333,344
0100000US,,United States,310M400US34740,34740,"United States - In metropolitan statistical area - Muskegon, MI Metro Area","Muskegon, MI Metro Area",172194,173588,1394,0.8,235,242,283,279
0100000US,,United States,310M400US34820,34820,"United States - In metropolitan statistical area - Myrtle Beach-Conway-North Myrtle Beach, SC-NC Metro Area","Myrtle Beach-Conway-North Myrtle Beach, SC-NC Metro Area",376555,480891,104336,27.7,136,112,40,2
0100000US,,United States,310M400US34900,34900,"United States - In metropolitan statistical area - Napa, CA Metro Area","Napa, CA Metro Area",136578,139417,2839,2.1,290,295,265,253
0100000US,,United States,310M400US34940,34940,"United States - In metropolitan statistical area - Naples-Immokalee-Marco Island, FL Metro Area","Naples-Immokalee-Marco Island, FL Metro Area",321521,378488,56967,17.7,151,142,63,19
0100000US,,United States,310M400US34980,34980,"United States - In metropolitan statistical area - Nashville-Davidson--Murfreesboro--Franklin, TN Metro Area","Nashville-Davidson--Murfreesboro--Franklin, TN Metro Area",1670876,1930961,260085,15.6,37,36,21,35
0100000US,,United States,310M400US35100,35100,"United States - In metropolitan statistical area - New Bern, NC Metro Area","New Bern, NC Metro Area",126813,125219,-1594,-1.3,308,315,317,330
0100000US,,United States,310M400US35300,35300,"United States - In metropolitan statistical area - New Haven-Milford, CT Metro Area","New Haven-Milford, CT Metro Area",862456,857620,-4836,-0.6,62,66,351,312
0100000US,,United States,310M400US35380,35380,"United States - In metropolitan statistical area - New Orleans-Metairie, LA Metro Area","New Orleans-Metairie, LA Metro Area",1189889,1270399,80510,6.8,46,46,48,147
0100000US,,United States,310M400US35620,35620,"United States - In metropolitan statistical area - New York-Newark-Jersey City, NY-NJ-PA Metro Area","New York-Newark-Jersey City, NY-NJ-PA Metro Area",19566527,19979477,412950,2.1,1,1,11,250
0100000US,,United States,310M400US35660,35660,"United States - In metropolitan statistical area - Niles-Benton Harbor, MI Metro Area","Niles-Benton Harbor, MI Metro Area",156811,154141,-2670,-1.7,255,266,329,337
0100000US,,United States,310M400US35840,35840,"United States - In metropolitan statistical area - North Port-Sarasota-Bradenton, FL Metro Area","North Port-Sarasota-Bradenton, FL Metro Area",702314,821573,119259,17,75,72,36,25
0100000US,,United States,310M400US35980,35980,"United States - In metropolitan statistical area - Norwich-New London, CT Metro Area","Norwich-New London, CT Metro Area",274068,266784,-7284,-2.7,168,182,362,346
0100000US,,United States,310M400US36100,36100,"United States - In metropolitan statistical area - Ocala, FL Metro Area","Ocala, FL Metro Area",331299,359977,28678,8.7,149,148,110,110
0100000US,,United States,310M400US36140,36140,"United States - In metropolitan statistical area - Ocean City, NJ Metro Area","Ocean City, NJ Metro Area",97261,92560,-4701,-4.8,355,364,349,373
0100000US,,United States,310M400US36220,36220,"United States - In metropolitan statistical area - Odessa, TX Metro Area","Odessa, TX Metro Area",137136,162124,24988,18.2,289,260,123,16
0100000US,,United States,310M400US36260,36260,"United States - In metropolitan statistical area - Ogden-Clearfield, UT Metro Area","Ogden-Clearfield, UT Metro Area",597162,675067,77905,13,89,83,50,49
0100000US,,United States,310M400US36420,36420,"United States - In metropolitan statistical area - Oklahoma City, OK Metro Area","Oklahoma City, OK Metro Area",1252990,1396445,143455,11.4,42,41,30,62
0100000US,,United States,310M400US36500,36500,"United States - In metropolitan statistical area - Olympia-Tumwater, WA Metro Area","Olympia-Tumwater, WA Metro Area",252260,286419,34159,13.5,180,169,95,48
0100000US,,United States,310M400US36540,36540,"United States - In metropolitan statistical area - Omaha-Council Bluffs, NE-IA Metro Area","Omaha-Council Bluffs, NE-IA Metro Area",865347,942198,76851,8.9,61,59,51,105
0100000US,,United States,310M400US36740,36740,"United States - In metropolitan statistical area - Orlando-Kissimmee-Sanford, FL Metro Area","Orlando-Kissimmee-Sanford, FL Metro Area",2134402,2572962,438560,20.5,27,22,10,9
0100000US,,United States,310M400US36780,36780,"United States - In metropolitan statistical area - Oshkosh-Neenah, WI Metro Area","Oshkosh-Neenah, WI Metro Area",166996,171020,4024,2.4,240,247,254,244
0100000US,,United States,310M400US36980,36980,"United States - In metropolitan statistical area - Owensboro, KY Metro Area","Owensboro, KY Metro Area",114748,119114,4366,3.8,329,326,252,217
0100000US,,United States,310M400US37100,37100,"United States - In metropolitan statistical area - Oxnard-Thousand Oaks-Ventura, CA Metro Area","Oxnard-Thousand Oaks-Ventura, CA Metro Area",823393,850967,27574,3.3,66,67,114,232
0100000US,,United States,310M400US37340,37340,"United States - In metropolitan statistical area - Palm Bay-Melbourne-Titusville, FL Metro Area","Palm Bay-Melbourne-Titusville, FL Metro Area",543372,596849,53477,9.8,97,94,66,86
0100000US,,United States,310M400US37460,37460,"United States - In metropolitan statistical area - Panama City, FL Metro Area","Panama City, FL Metro Area",184713,201451,16738,9.1,223,221,159,102
0100000US,,United States,310M400US37620,37620,"United States - In metropolitan statistical area - Parkersburg-Vienna, WV Metro Area","Parkersburg-Vienna, WV Metro Area",92668,90033,-2635,-2.8,364,366,328,350
0100000US,,United States,310M400US37860,37860,"United States - In metropolitan statistical area - Pensacola-Ferry Pass-Brent, FL Metro Area","Pensacola-Ferry Pass-Brent, FL Metro Area",448991,494883,45892,10.2,110,108,70,80
0100000US,,United States,310M400US37900,37900,"United States - In metropolitan statistical area - Peoria, IL Metro Area","Peoria, IL Metro Area",379182,368373,-10809,-2.9,135,147,373,352
0100000US,,United States,310M400US37980,37980,"United States - In metropolitan statistical area - Philadelphia-Camden-Wilmington, PA-NJ-DE-MD Metro Area","Philadelphia-Camden-Wilmington, PA-NJ-DE-MD Metro Area",5965705,6096372,130667,2.2,5,8,34,249
0100000US,,United States,310M400US38060,38060,"United States - In metropolitan statistical area - Phoenix-Mesa-Scottsdale, AZ Metro Area","Phoenix-Mesa-Scottsdale, AZ Metro Area",4193127,4857962,664835,15.9,14,11,3,32
0100000US,,United States,310M400US38220,38220,"United States - In metropolitan statistical area - Pine Bluff, AR Metro Area","Pine Bluff, AR Metro Area",100290,89515,-10775,-10.7,350,367,372,383
0100000US,,United States,310M400US38300,38300,"United States - In metropolitan statistical area - Pittsburgh, PA Metro Area","Pittsburgh, PA Metro Area",2356302,2324743,-31559,-1.3,22,27,383,332
0100000US,,United States,310M400US38340,38340,"United States - In metropolitan statistical area - Pittsfield, MA Metro Area","Pittsfield, MA Metro Area",131275,126348,-4927,-3.8,299,312,352,365
0100000US,,United States,310M400US38540,38540,"United States - In metropolitan statistical area - Pocatello, ID Metro Area","Pocatello, ID Metro Area",82842,87138,4296,5.2,371,369,253,178
0100000US,,United States,310M400US38860,38860,"United States - In metropolitan statistical area - Portland-South Portland, ME Metro Area","Portland-South Portland, ME Metro Area",514104,535420,21316,4.1,103,105,137,208
0100000US,,United States,310M400US38900,38900,"United States - In metropolitan statistical area - Portland-Vancouver-Hillsboro, OR-WA Metro Area","Portland-Vancouver-Hillsboro, OR-WA Metro Area",2225996,2478810,252814,11.4,23,25,22,65
0100000US,,United States,310M400US38940,38940,"United States - In metropolitan statistical area - Port St. Lucie, FL Metro Area","Port St. Lucie, FL Metro Area",424107,482040,57933,13.7,119,110,61,45
0100000US,,United States,310M400US39140,39140,"United States - In metropolitan statistical area - Prescott, AZ Metro Area","Prescott, AZ Metro Area",211014,231993,20979,9.9,201,196,138,84
0100000US,,United States,310M400US39300,39300,"United States - In metropolitan statistical area - Providence-Warwick, RI-MA Metro Area","Providence-Warwick, RI-MA Metro Area",1601211,1621337,20126,1.3,38,38,144,270
0100000US,,United States,310M400US39340,39340,"United States - In metropolitan statistical area - Provo-Orem, UT Metro Area","Provo-Orem, UT Metro Area",526885,633768,106883,20.3,100,90,38,11
0100000US,,United States,310M400US39380,39380,"United States - In metropolitan statistical area - Pueblo, CO Metro Area","Pueblo, CO Metro Area",159063,167529,8466,5.3,250,254,212,175
0100000US,,United States,310M400US39460,39460,"United States - In metropolitan statistical area - Punta Gorda, FL Metro Area","Punta Gorda, FL Metro Area",159964,184998,25034,15.6,248,229,122,33
0100000US,,United States,310M400US39540,39540,"United States - In metropolitan statistical area - Racine, WI Metro Area","Racine, WI Metro Area",195428,196584,1156,0.6,218,224,288,287
0100000US,,United States,310M400US39580,39580,"United States - In metropolitan statistical area - Raleigh, NC Metro Area","Raleigh, NC Metro Area",1130488,1362540,232052,20.5,48,42,24,10
0100000US,,United States,310M400US39660,39660,"United States - In metropolitan statistical area - Rapid City, SD Metro Area","Rapid City, SD Metro Area",134618,148749,14131,10.5,292,282,175,76
0100000US,,United States,310M400US39740,39740,"United States - In metropolitan statistical area - Reading, PA Metro Area","Reading, PA Metro Area",411556,420152,8596,2.1,126,128,210,252
0100000US,,United States,310M400US39820,39820,"United States - In metropolitan statistical area - Redding, CA Metro Area","Redding, CA Metro Area",177221,180040,2819,1.6,230,232,266,262
0100000US,,United States,310M400US39900,39900,"United States - In metropolitan statistical area - Reno, NV Metro Area","Reno, NV Metro Area",425439,469764,44325,10.4,117,113,75,78
0100000US,,United States,310M400US40060,40060,"United States - In metropolitan statistical area - Richmond, VA Metro Area","Richmond, VA Metro Area",1208089,1306172,98083,8.1,45,44,41,119
0100000US,,United States,310M400US40140,40140,"United States - In metropolitan statistical area - Riverside-San Bernardino-Ontario, CA Metro Area","Riverside-San Bernardino-Ontario, CA Metro Area",4224966,4622361,397395,9.4,13,13,12,97
0100000US,,United States,310M400US40220,40220,"United States - In metropolitan statistical area - Roanoke, VA Metro Area","Roanoke, VA Metro Area",308669,314172,5503,1.8,156,161,243,258
0100000US,,United States,310M400US40340,40340,"United States - In metropolitan statistical area - Rochester, MN Metro Area","Rochester, MN Metro Area",206882,219802,12920,6.2,207,203,182,153
0100000US,,United States,310M400US40380,40380,"United States - In metropolitan statistical area - Rochester, NY Metro Area","Rochester, NY Metro Area",1079697,1071082,-8615,-0.8,51,51,369,317
0100000US,,United States,310M400US40420,40420,"United States - In metropolitan statistical area - Rockford, IL Metro Area","Rockford, IL Metro Area",349431,337658,-11773,-3.4,146,153,375,358
0100000US,,United States,310M400US40580,40580,"United States - In metropolitan statistical area - Rocky Mount, NC Metro Area","Rocky Mount, NC Metro Area",152375,146021,-6354,-4.2,264,287,360,368
0100000US,,United States,310M400US40660,40660,"United States - In metropolitan statistical area - Rome, GA Metro Area","Rome, GA Metro Area",96314,97927,1613,1.7,357,360,281,260
0100000US,,United States,310M400US40900,40900,"United States - In metropolitan statistical area - Sacramento--Roseville--Arden-Arcade, CA Metro Area","Sacramento--Roseville--Arden-Arcade, CA Metro Area",2149151,2345210,196059,9.1,25,26,26,99
0100000US,,United States,310M400US40980,40980,"United States - In metropolitan statistical area - Saginaw, MI Metro Area","Saginaw, MI Metro Area",200169,190800,-9369,-4.7,213,227,371,371
0100000US,,United States,310M400US41060,41060,"United States - In metropolitan statistical area - St. Cloud, MN Metro Area","St. Cloud, MN Metro Area",189093,199801,10708,5.7,220,222,195,165
0100000US,,United States,310M400US41100,41100,"United States - In metropolitan statistical area - St. George, UT Metro Area","St. George, UT Metro Area",138115,171700,33585,24.3,287,244,97,5
0100000US,,United States,310M400US41140,41140,"United States - In metropolitan statistical area - St. Joseph, MO-KS Metro Area","St. Joseph, MO-KS Metro Area",127327,126490,-837,-0.7,306,311,308,315
0100000US,,United States,310M400US41180,41180,"United States - In metropolitan statistical area - St. Louis, MO-IL Metro Area","St. Louis, MO-IL Metro Area",2787752,2805465,17713,0.6,18,20,156,285
0100000US,,United States,310M400US41420,41420,"United States - In metropolitan statistical area - Salem, OR Metro Area","Salem, OR Metro Area",390750,432102,41352,10.6,132,126,81,74
0100000US,,United States,310M400US41500,41500,"United States - In metropolitan statistical area - Salinas, CA Metro Area","Salinas, CA Metro Area",415061,435594,20533,4.9,123,125,141,186
0100000US,,United States,310M400US41540,41540,"United States - In metropolitan statistical area - Salisbury, MD-DE Metro Area","Salisbury, MD-DE Metro Area",373760,409979,36219,9.7,138,131,89,90
0100000US,,United States,310M400US41620,41620,"United States - In metropolitan statistical area - Salt Lake City, UT Metro Area","Salt Lake City, UT Metro Area",1087808,1222540,134732,12.4,50,47,32,53
0100000US,,United States,310M400US41660,41660,"United States - In metropolitan statistical area - San Angelo, TX Metro Area","San Angelo, TX Metro Area",111825,119711,7886,7.1,333,325,219,139
0100000US,,United States,310M400US41700,41700,"United States - In metropolitan statistical area - San Antonio-New Braunfels, TX Metro Area","San Antonio-New Braunfels, TX Metro Area",2142521,2518036,375515,17.5,26,24,15,22
0100000US,,United States,310M400US41740,41740,"United States - In metropolitan statistical area - San Diego-Carlsbad, CA Metro Area","San Diego-Carlsbad, CA Metro Area",3095349,3343364,248015,8,17,17,23,123
0100000US,,United States,310M400US41860,41860,"United States - In metropolitan statistical area - San Francisco-Oakland-Hayward, CA Metro Area","San Francisco-Oakland-Hayward, CA Metro Area",4335587,4729484,393897,9.1,11,12,13,100
0100000US,,United States,310M400US41940,41940,"United States - In metropolitan statistical area - San Jose-Sunnyvale-Santa Clara, CA Metro Area","San Jose-Sunnyvale-Santa Clara, CA Metro Area",1836937,1999107,162170,8.8,34,35,28,106
0100000US,,United States,310M400US42020,42020,"United States - In metropolitan statistical area - San Luis Obispo-Paso Robles-Arroyo Grande, CA Metro Area","San Luis Obispo-Paso Robles-Arroyo Grande, CA Metro Area",269597,284010,14413,5.3,169,170,172,173
0100000US,,United States,310M400US42100,42100,"United States - In metropolitan statistical area - Santa Cruz-Watsonville, CA Metro Area","Santa Cruz-Watsonville, CA Metro Area",262356,274255,11899,4.5,171,176,188,199
0100000US,,United States,310M400US42140,42140,"United States - In metropolitan statistical area - Santa Fe, NM Metro Area","Santa Fe, NM Metro Area",144227,150056,5829,4,277,279,240,210
0100000US,,United States,310M400US42200,42200,"United States - In metropolitan statistical area - Santa Maria-Santa Barbara, CA Metro Area","Santa Maria-Santa Barbara, CA Metro Area",423947,446527,22580,5.3,120,122,133,174
0100000US,,United States,310M400US42220,42220,"United States - In metropolitan statistical area - Santa Rosa, CA Metro Area","Santa Rosa, CA Metro Area",483868,499942,16074,3.3,105,107,166,234
0100000US,,United States,310M400US42340,42340,"United States - In metropolitan statistical area - Savannah, GA Metro Area","Savannah, GA Metro Area",347598,389494,41896,12.1,147,137,79,57
0100000US,,United States,310M400US42540,42540,"United States - In metropolitan statistical area - Scranton--Wilkes-Barre--Hazleton, PA Metro Area","Scranton--Wilkes-Barre--Hazleton, PA Metro Area",563617,555485,-8132,-1.4,95,100,367,334
0100000US,,United States,310M400US42660,42660,"United States - In metropolitan statistical area - Seattle-Tacoma-Bellevue, WA Metro Area","Seattle-Tacoma-Bellevue, WA Metro Area",3439805,3939363,499558,14.5,15,15,7,40
0100000US,,United States,310M400US42680,42680,"United States - In metropolitan statistical area - Sebastian-Vero Beach, FL Metro Area","Sebastian-Vero Beach, FL Metro Area",138028,157413,19385,14,288,264,147,44
0100000US,,United States,310M400US42700,42700,"United States - In metropolitan statistical area - Sebring, FL Metro Area","Sebring, FL Metro Area",98786,105424,6638,6.7,352,344,230,148
0100000US,,United States,310M400US43100,43100,"United States - In metropolitan statistical area - Sheboygan, WI Metro Area","Sheboygan, WI Metro Area",115510,115456,-54,0,327,332,301,301
0100000US,,United States,310M400US43300,43300,"United States - In metropolitan statistical area - Sherman-Denison, TX Metro Area","Sherman-Denison, TX Metro Area",120875,133991,13116,10.9,318,301,181,68
0100000US,,United States,310M400US43340,43340,"United States - In metropolitan statistical area - Shreveport-Bossier City, LA Metro Area","Shreveport-Bossier City, LA Metro Area",439811,436341,-3470,-0.8,112,124,336,316
0100000US,,United States,310M400US43420,43420,"United States - In metropolitan statistical area - Sierra Vista-Douglas, AZ Metro Area","Sierra Vista-Douglas, AZ Metro Area",131357,126770,-4587,-3.5,298,310,346,360
0100000US,,United States,310M400US43580,43580,"United States - In metropolitan statistical area - Sioux City, IA-NE-SD Metro Area","Sioux City, IA-NE-SD Metro Area",168563,169045,482,0.3,237,251,294,294
0100000US,,United States,310M400US43620,43620,"United States - In metropolitan statistical area - Sioux Falls, SD Metro Area","Sioux Falls, SD Metro Area",228262,265653,37391,16.4,193,184,85,30
0100000US,,United States,310M400US43780,43780,"United States - In metropolitan statistical area - South Bend-Mishawaka, IN-MI Metro Area","South Bend-Mishawaka, IN-MI Metro Area",319213,322424,3211,1,152,156,260,276
0100000US,,United States,310M400US43900,43900,"United States - In metropolitan statistical area - Spartanburg, SC Metro Area","Spartanburg, SC Metro Area",313289,341298,28009,8.9,153,151,112,104
0100000US,,United States,310M400US44060,44060,"United States - In metropolitan statistical area - Spokane-Spokane Valley, WA Metro Area","Spokane-Spokane Valley, WA Metro Area",527753,573493,45740,8.7,99,98,71,109
0100000US,,United States,310M400US44100,44100,"United States - In metropolitan statistical area - Springfield, IL Metro Area","Springfield, IL Metro Area",210170,207636,-2534,-1.2,202,216,326,328
0100000US,,United States,310M400US44140,44140,"United States - In metropolitan statistical area - Springfield, MA Metro Area","Springfield, MA Metro Area",621681,631761,10080,1.6,83,91,202,261
0100000US,,United States,310M400US44180,44180,"United States - In metropolitan statistical area - Springfield, MO Metro Area","Springfield, MO Metro Area",436709,466978,30269,6.9,113,114,106,142
0100000US,,United States,310M400US44220,44220,"United States - In metropolitan statistical area - Springfield, OH Metro Area","Springfield, OH Metro Area",138341,134585,-3756,-2.7,286,299,339,349
0100000US,,United States,310M400US44300,44300,"United States - In metropolitan statistical area - State College, PA Metro Area","State College, PA Metro Area",154001,162805,8804,5.7,258,259,209,163
0100000US,,United States,310M400US44420,44420,"United States - In metropolitan statistical area - Staunton-Waynesboro, VA Metro Area","Staunton-Waynesboro, VA Metro Area",118496,123007,4511,3.8,320,320,250,216
0100000US,,United States,310M400US44700,44700,"United States - In metropolitan statistical area - Stockton-Lodi, CA Metro Area","Stockton-Lodi, CA Metro Area",685306,752660,67354,9.8,77,77,55,87
0100000US,,United States,310M400US44940,44940,"United States - In metropolitan statistical area - Sumter, SC Metro Area","Sumter, SC Metro Area",107490,106512,-978,-0.9,341,343,311,319
0100000US,,United States,310M400US45060,45060,"United States - In metropolitan statistical area - Syracuse, NY Metro Area","Syracuse, NY Metro Area",662620,650502,-12118,-1.8,79,88,378,338
0100000US,,United States,310M400US45220,45220,"United States - In metropolitan statistical area - Tallahassee, FL Metro Area","Tallahassee, FL Metro Area",368770,385145,16375,4.4,140,139,163,202
0100000US,,United States,310M400US45300,45300,"United States - In metropolitan statistical area - Tampa-St. Petersburg-Clearwater, FL Metro Area","Tampa-St. Petersburg-Clearwater, FL Metro Area",2783462,3142663,359201,12.9,19,18,16,50
0100000US,,United States,310M400US45460,45460,"United States - In metropolitan statistical area - Terre Haute, IN Metro Area","Terre Haute, IN Metro Area",172417,169725,-2692,-1.6,234,248,330,335
0100000US,,United States,310M400US45500,45500,"United States - In metropolitan statistical area - Texarkana, TX-AR Metro Area","Texarkana, TX-AR Metro Area",149194,150242,1048,0.7,271,278,289,282
0100000US,,United States,310M400US45540,45540,"United States - In metropolitan statistical area - The Villages, FL Metro Area","The Villages, FL Metro Area",93420,128754,35334,37.8,362,307,92,1
0100000US,,United States,310M400US45780,45780,"United States - In metropolitan statistical area - Toledo, OH Metro Area","Toledo, OH Metro Area",610002,602871,-7131,-1.2,86,93,361,327
0100000US,,United States,310M400US45820,45820,"United States - In metropolitan statistical area - Topeka, KS Metro Area","Topeka, KS Metro Area",233867,232594,-1273,-0.5,188,195,312,311
0100000US,,United States,310M400US45940,45940,"United States - In metropolitan statistical area - Trenton, NJ Metro Area","Trenton, NJ Metro Area",367511,369811,2300,0.6,141,145,272,286
0100000US,,United States,310M400US46060,46060,"United States - In metropolitan statistical area - Tucson, AZ Metro Area","Tucson, AZ Metro Area",980263,1039073,58810,6,53,53,60,157
0100000US,,United States,310M400US46140,46140,"United States - In metropolitan statistical area - Tulsa, OK Metro Area","Tulsa, OK Metro Area",937532,993797,56265,6,55,55,64,156
0100000US,,United States,310M400US46220,46220,"United States - In metropolitan statistical area - Tuscaloosa, AL Metro Area","Tuscaloosa, AL Metro Area",230176,243575,13399,5.8,191,190,179,160
0100000US,,United States,310M400US46300,46300,"United States - In metropolitan statistical area - Twin Falls, ID Metro Area","Twin Falls, ID Metro Area",99596,110096,10500,10.5,351,338,200,75
0100000US,,United States,310M400US46340,46340,"United States - In metropolitan statistical area - Tyler, TX Metro Area","Tyler, TX Metro Area",209725,230221,20496,9.8,203,198,142,88
0100000US,,United States,310M400US46520,46520,"United States - In metropolitan statistical area - Urban Honolulu, HI Metro Area","Urban Honolulu, HI Metro Area",953206,980080,26874,2.8,54,56,116,242
0100000US,,United States,310M400US46540,46540,"United States - In metropolitan statistical area - Utica-Rome, NY Metro Area","Utica-Rome, NY Metro Area",299330,291410,-7920,-2.6,160,167,366,345
0100000US,,United States,310M400US46660,46660,"United States - In metropolitan statistical area - Valdosta, GA Metro Area","Valdosta, GA Metro Area",139660,146174,6514,4.7,284,286,234,194
0100000US,,United States,310M400US46700,46700,"United States - In metropolitan statistical area - Vallejo-Fairfield, CA Metro Area","Vallejo-Fairfield, CA Metro Area",413298,446610,33312,8.1,124,121,98,120
0100000US,,United States,310M400US47020,47020,"United States - In metropolitan statistical area - Victoria, TX Metro Area","Victoria, TX Metro Area",94003,99619,5616,6,360,354,242,158
0100000US,,United States,310M400US47220,47220,"United States - In metropolitan statistical area - Vineland-Bridgeton, NJ Metro Area","Vineland-Bridgeton, NJ Metro Area",156633,150972,-5661,-3.6,256,276,356,362
0100000US,,United States,310M400US47260,47260,"United States - In metropolitan statistical area - Virginia Beach-Norfolk-Newport News, VA-NC Metro Area","Virginia Beach-Norfolk-Newport News, VA-NC Metro Area",1676823,1728733,51910,3.1,36,37,67,239
0100000US,,United States,310M400US47300,47300,"United States - In metropolitan statistical area - Visalia-Porterville, CA Metro Area","Visalia-Porterville, CA Metro Area",442181,465861,23680,5.4,111,115,129,172
0100000US,,United States,310M400US47380,47380,"United States - In metropolitan statistical area - Waco, TX Metro Area","Waco, TX Metro Area",252766,271942,19176,7.6,178,179,148,131
0100000US,,United States,310M400US47460,47460,"United States - In metropolitan statistical area - Walla Walla, WA Metro Area","Walla Walla, WA Metro Area",62859,64981,2122,3.4,380,380,274,229
0100000US,,United States,310M400US47580,47580,"United States - In metropolitan statistical area - Warner Robins, GA Metro Area","Warner Robins, GA Metro Area",179604,193835,14231,7.9,227,225,174,127
0100000US,,United States,310M400US47900,47900,"United States - In metropolitan statistical area - Washington-Arlington-Alexandria, DC-VA-MD-WV Metro Area","Washington-Arlington-Alexandria, DC-VA-MD-WV Metro Area",5636363,6249950,613587,10.9,7,6,6,67
0100000US,,United States,310M400US47940,47940,"United States - In metropolitan statistical area - Waterloo-Cedar Falls, IA Metro Area","Waterloo-Cedar Falls, IA Metro Area",167819,169659,1840,1.1,239,249,275,274
0100000US,,United States,310M400US48060,48060,"United States - In metropolitan statistical area - Watertown-Fort Drum, NY Metro Area","Watertown-Fort Drum, NY Metro Area",116234,111755,-4479,-3.9,324,337,344,367
0100000US,,United States,310M400US48140,48140,"United States - In metropolitan statistical area - Wausau, WI Metro Area","Wausau, WI Metro Area",134061,135428,1367,1,294,297,286,275
0100000US,,United States,310M400US48260,48260,"United States - In metropolitan statistical area - Weirton-Steubenville, WV-OH Metro Area","Weirton-Steubenville, WV-OH Metro Area",124450,117064,-7386,-5.9,314,331,363,379
0100000US,,United States,310M400US48300,48300,"United States - In metropolitan statistical area - Wenatchee, WA Metro Area","Wenatchee, WA Metro Area",110887,119943,9056,8.2,335,324,208,116
0100000US,,United States,310M400US48540,48540,"United States - In metropolitan statistical area - Wheeling, WV-OH Metro Area","Wheeling, WV-OH Metro Area",147960,140045,-7915,-5.3,273,293,365,376
0100000US,,United States,310M400US48620,48620,"United States - In metropolitan statistical area - Wichita, KS Metro Area","Wichita, KS Metro Area",630923,644888,13965,2.2,82,89,177,247
0100000US,,United States,310M400US48660,48660,"United States - In metropolitan statistical area - Wichita Falls, TX Metro Area","Wichita Falls, TX Metro Area",151474,151306,-168,-0.1,266,274,302,302
0100000US,,United States,310M400US48700,48700,"United States - In metropolitan statistical area - Williamsport, PA Metro Area","Williamsport, PA Metro Area",116114,113664,-2450,-2.1,325,335,324,341
0100000US,,United States,310M400US48900,48900,"United States - In metropolitan statistical area - Wilmington, NC Metro Area","Wilmington, NC Metro Area",254881,294436,39555,15.5,175,165,83,36
0100000US,,United States,310M400US49020,49020,"United States - In metropolitan statistical area - Winchester, VA-WV Metro Area","Winchester, VA-WV Metro Area",128475,139810,11335,8.8,305,294,192,107
0100000US,,United States,310M400US49180,49180,"United States - In metropolitan statistical area - Winston-Salem, NC Metro Area","Winston-Salem, NC Metro Area",640537,671456,30919,4.8,81,84,104,189
0100000US,,United States,310M400US49340,49340,"United States - In metropolitan statistical area - Worcester, MA-CT Metro Area","Worcester, MA-CT Metro Area",916764,947866,31102,3.4,58,57,103,228
0100000US,,United States,310M400US49420,49420,"United States - In metropolitan statistical area - Yakima, WA Metro Area","Yakima, WA Metro Area",243240,251446,8206,3.4,186,188,216,230
0100000US,,United States,310M400US49620,49620,"United States - In metropolitan statistical area - York-Hanover, PA Metro Area","York-Hanover, PA Metro Area",435008,448273,13265,3,114,120,180,240
0100000US,,United States,310M400US49660,49660,"United States - In metropolitan statistical area - Youngstown-Warren-Boardman, OH-PA Metro Area","Youngstown-Warren-Boardman, OH-PA Metro Area",565781,538952,-26829,-4.7,93,104,382,372
0100000US,,United States,310M400US49700,49700,"United States - In metropolitan statistical area - Yuba City, CA Metro Area","Yuba City, CA Metro Area",166902,174848,7946,4.8,241,241,218,191
0100000US,,United States,310M400US49740,49740,"United States - In metropolitan statistical area - Yuma, AZ Metro Area","Yuma, AZ Metro Area",195750,212128,16378,8.4,217,210,162,114
0100000US,,United States,0400000US72,72,Puerto Rico,Puerto Rico,3726157,3195153,-531004,-14.3,(X),(X),(X),(X)
0100000US,,United States,04000C0US72,72,Puerto Rico - In metropolitan statistical area,In metropolitan statistical area,3567892,3054478,-513414,-14.4,(X),(X),(X),(X)
0100000US,,United States,310M400US10380,10380,"Puerto Rico - In metropolitan statistical area - Aguadilla-Isabela, PR Metro Area","Aguadilla-Isabela, PR Metro Area",339465,289735,-49730,-14.6,3,2,5,5
0100000US,,United States,310M400US11640,11640,"Puerto Rico - In metropolitan statistical area - Arecibo, PR Metro Area","Arecibo, PR Metro Area",199471,174271,-25200,-12.6,4,4,4,2
0100000US,,United States,310M400US25020,25020,"Puerto Rico - In metropolitan statistical area - Guayama, PR Metro Area","Guayama, PR Metro Area",84194,73000,-11194,-13.3,7,7,1,3
0100000US,,United States,310M400US32420,32420,"Puerto Rico - In metropolitan statistical area - Mayagez, PR Metro Area","Mayagez, PR Metro Area",106330,87448,-18882,-17.8,6,6,3,6
0100000US,,United States,310M400US38660,38660,"Puerto Rico - In metropolitan statistical area - Ponce, PR Metro Area","Ponce, PR Metro Area",350384,285709,-64675,-18.5,2,3,6,7
0100000US,,United States,310M400US41900,41900,"Puerto Rico - In metropolitan statistical area - San Germn, PR Metro Area","San Germn, PR Metro Area",137722,121078,-16644,-12.1,5,5,2,1
0100000US,,United States,310M400US41980,41980,"Puerto Rico - In metropolitan statistical area - San Juan-Carolina-Caguas, PR Metro Area","San Juan-Carolina-Caguas, PR Metro Area",2350326,2023237,-327089,-13.9,1,1,7,4